{
    "name": "胡桃",
    "weapon_class": "polearm",
    "elem_class": "fire",
    "90": {
        "basic_health": 15552,
        "basic_attack": 106,
        "basic_defense": 876,
        "break_thru": {
            "cd": 38.4
        }
    },
    "ratios": {
        "a1": [
            46.89,
            50.08,
            53.28,
            57.54,
            60.74,
            64.47,
            69.26,
            74.06,
            78.85,
            83.65,
            88.44,
            93.24,
            98.04,
            102.83,
            107.63
        ],
        "a2": [
            48.25,
            51.54,
            54.83,
            59.22,
            62.51,
            66.35,
            71.28,
            76.22,
            81.15,
            86.09,
            91.02,
            95.96,
            100.89,
            105.83,
            110.76
        ],
        "a3": [
            61.05,
            65.21,
            69.38,
            74.93,
            79.09,
            83.94,
            90.19,
            96.43,
            102.68,
            108.92,
            115.16,
            121.41,
            127.65,
            133.89,
            140.14
        ],
        "a4": [
            65.64,
            70.12,
            74.59,
            80.56,
            85.03,
            90.26,
            96.97,
            103.68,
            110.4,
            117.11,
            123.82,
            130.54,
            137.25,
            143.96,
            150.68
        ],
        "a5": [
            68.47,
            73.14,
            77.81,
            84.04,
            88.7,
            94.15,
            101.15,
            108.16,
            115.16,
            122.16,
            129.17000000000002,
            136.17000000000002,
            143.17,
            150.18,
            157.18
        ],
        "a6": [
            85.96,
            91.82,
            97.68,
            105.49,
            111.36,
            118.19,
            126.98,
            135.78,
            144.57,
            153.36,
            162.15,
            170.94,
            179.73,
            188.52,
            197.31
        ],
        "ah": [
            135.96,
            145.23,
            154.5,
            166.86,
            176.13,
            186.95,
            200.85,
            214.76,
            228.66,
            242.57,
            256.47,
            270.38,
            284.28,
            298.19,
            312.09
        ],
        "e1": [
            3.84,
            4.07,
            4.3,
            4.6,
            4.83,
            5.06,
            5.36,
            5.66,
            5.96,
            6.26,
            6.56,
            6.85,
            7.15,
            7.45,
            7.75
        ],
        "e2": [
            64.0,
            68.8,
            73.6,
            80.0,
            84.8,
            89.6,
            96.0,
            102.4,
            108.8,
            115.2,
            121.6,
            128.0,
            136.0,
            144.0,
            152.0
        ],
        "q1": [
            303.27,
            321.43,
            339.59,
            363.2,
            381.36,
            399.52,
            423.13,
            446.74,
            470.34,
            493.95,
            517.56,
            541.17,
            564.78,
            588.38,
            611.99
        ],
        "q2": [
            379.09,
            401.79,
            424.49,
            454.0,
            476.7,
            499.4,
            528.91,
            558.42,
            587.93,
            617.44,
            646.95,
            676.46,
            705.97,
            735.48,
            764.99
        ]
    },
    "ratio_cmt": {
        "a1": "普通一段",
        "a2": "普攻二段",
        "a3": "普攻三段",
        "a4": "普攻四段",
        "a5": "普攻五段",
        "a6": "普攻六段",
        "ah": "重击",
        "e1": "攻击提高倍率",
        "e2": "技能伤害",
        "q1": "正常伤害",
        "q2": "低Hp伤害"
    },
    "atk_type": {
        "a1": "phys",
        "a2": "phys",
        "a3": "phys",
        "a4": "phys",
        "a5": "phys",
        "a6": "phys",
        "ah": "phys",
        "e1": "elem",
        "e2": "elem",
        "q1": "elem",
        "q2": "elem"
    },
    "buffs": {
        "t1": [
            [
                "all"
            ],
            {
                "dfire": 25
            },
            0.5,
            "生命低于50%，火伤增加25%"
        ],
        "c3": [
            [
                "e"
            ],
            {
                "level": 3
            },
            0,
            "e技能级别加3"
        ],
        "c5": [
            [
                "q"
            ],
            {
                "level": 3
            },
            0,
            "q技能等级加3"
        ],
        "e": [
            [
                "spec"
            ],
            {
                "h2a": "e1"
            },
            1,
            "生命转攻击"
        ]
    },
    "round": {
        "a": 3,
        "e": 1,
        "q": 1
    },
    "enchant_ratio": {
        "c0": 0.0
    },
    "action_def": {
        "c0": {
            "a": "a1+a2+a3+a4+a5+a6",
            "e": "e2",
            "q": "q2",
            "shld": "",
            "heal": ""
        }
    }
}