{
    "name": "凯亚",
    "weapon_class": "sword",
    "elem_class": "ice",
    "90": {
        "basic_health": 11636,
        "basic_attack": 223,
        "basic_defense": 792,
        "break_thru": {
            "ef": 26.7
        }
    },
    "ratios": {
        "a1": [
            44.55,
            48.17,
            51.8,
            56.98,
            60.61,
            64.75,
            70.45,
            76.15,
            81.84,
            88.06,
            94.28,
            100.49,
            106.71,
            112.92,
            119.14
        ],
        "a2": [
            42.74,
            46.22,
            49.7,
            54.67,
            58.15,
            62.13,
            67.59,
            73.06,
            78.53,
            84.49,
            90.45,
            96.42,
            102.38,
            108.35,
            114.31
        ],
        "a3": [
            54.61,
            59.06,
            63.5,
            69.85,
            74.3,
            79.38,
            86.36,
            93.35,
            100.33,
            107.95,
            115.57,
            123.19,
            130.81,
            138.43,
            146.05
        ],
        "a4": [
            59.68,
            64.54,
            69.4,
            76.34,
            81.2,
            86.75,
            94.38,
            102.02,
            109.65,
            117.98,
            126.31,
            134.64,
            142.96,
            151.29,
            159.62
        ],
        "a5": [
            71.9,
            77.75,
            83.6,
            91.96,
            97.81,
            104.5,
            113.7,
            122.89,
            132.09,
            142.12,
            152.15,
            162.18,
            172.22,
            182.25,
            192.28
        ],
        "ah": [
            116.62,
            126.11,
            135.6,
            149.16,
            158.64999999999998,
            169.5,
            184.42000000000002,
            199.32999999999998,
            214.25,
            230.51999999999998,
            246.79000000000002,
            263.06,
            279.34000000000003,
            295.61,
            311.88
        ],
        "e1": [
            137.6,
            147.92,
            158.24,
            172.0,
            182.32,
            192.64,
            206.4,
            220.16,
            233.92,
            247.68,
            261.44,
            275.2,
            292.4,
            309.6,
            326.8
        ],
        "e2": [
            176.0,
            189.2,
            202.39999999999998,
            220.0,
            233.2,
            246.4,
            264.0,
            281.6,
            299.20000000000005,
            316.79999999999995,
            334.4,
            352.0,
            374.0,
            396.0,
            418.0
        ],
        "e3": [
            184.0,
            197.8,
            211.60000000000002,
            230.0,
            243.8,
            257.6,
            276.0,
            294.4,
            312.79999999999995,
            331.20000000000005,
            349.6,
            368.0,
            391.0,
            414.0,
            437.0
        ],
        "e4": [
            132.0,
            141.9,
            151.8,
            165.0,
            174.9,
            184.8,
            198.0,
            211.2,
            224.4,
            237.6,
            250.8,
            264.0,
            280.5,
            297.0,
            313.5
        ],
        "q1": [
            232.8,
            250.26,
            267.72,
            291.0,
            308.46,
            325.92,
            349.2,
            372.48,
            395.76,
            419.04,
            442.32,
            465.6,
            494.7,
            523.8,
            552.9
        ],
        "q2": [
            6.0,
            6.45,
            6.9,
            7.5,
            7.95,
            8.4,
            9.0,
            9.6,
            10.2,
            10.8,
            11.4,
            12.0,
            12.75,
            13.5,
            14.25
        ],
        "q2_base": [
            577.0,
            635.0,
            698.0,
            765.0,
            837.0,
            914.0,
            996.0,
            1083.0,
            1174.0,
            1270.0,
            1371.0,
            1477.0,
            1588.0,
            1703.0,
            1824.0
        ],
        "q3": [
            56.0,
            60.2,
            64.4,
            70.0,
            74.2,
            78.4,
            84.0,
            89.6,
            95.2,
            100.8,
            106.4,
            112.0,
            119.0,
            126.0,
            133.0
        ],
        "q4": [
            20
        ]
    },
    "ratio_cmt": {
        "a1": "普攻一段",
        "a2": "普攻二段",
        "a3": "普攻三段",
        "a4": "普攻四段",
        "a5": "普攻五段",
        "ah": "重击",
        "e1": "热情过载 点按伤害",
        "e2": "热情过载 一段蓄力伤害",
        "e3": "热情过载 二段蓄力伤害",
        "e4": "热情过载 爆炸伤害",
        "q1": "美妙旅程 技能伤害",
        "q2": "美妙旅程 持续治疗 倍率",
        "q2_base": "美妙旅程 治疗量 基数",
        "q3": "美妙旅程 攻击力加成比例",
        "q4": "1命 美妙旅程的攻击力提升效果不再有血量限制，数值上追加班尼特基础攻击力的20%"
    },
    "atk_type": {
        "a1": "phys",
        "a2": "phys",
        "a3": "phys",
        "a4": "phys",
        "a5": "phys",
        "ah": "phys",
        "e1": "elem",
        "e2": "elem",
        "e3": "elem",
        "e4": "elem",
        "q1": "elem",
        "q2": "heal",
        "q2_base": "base",
        "q3": "buff",
        "q4": "buff"
    },
    "buffs": {
        "c3": [
            [
                "e"
            ],
            {
                "level": 3
            },
            0,
            "e技能级别加3"
        ],
        "c5": [
            [
                "q"
            ],
            {
                "level": 3
            },
            0,
            "q技能等级加3"
        ],
        "c1": [
            [
                "spec"
            ],
            {
                "a2a": "q4"
            },
            1,
            "美妙旅程的攻击力提升效果不再有血量限制，数值上追加班尼特基础攻击力的20%。"
        ],
        "c6": [
            [
                "atk"
            ],
            {
                "dfire": 15
            },
            1,
            "处在美妙旅程领域内的单手剑、双手剑、长柄武器角色获得15％火元素伤害加成，并将普通攻击与重击伤害转为火元素。"
        ],
        "q": [
            [
                "spec"
            ],
            {
                "a2a": "q3"
            },
            1,
            "领域内的角色如果生命值高于70％，会基于班尼特的基础攻击力，以一定比例获得攻击力加成"
        ]
    },
    "rebase": {
        "q2": "life"
    },
    "c6": {
        "action_def": {
            "a": "a1+a2+a3+a4+a5",
            "e": "e1",
            "q": "q1",
            "shld": "",
            "heal": "q2+q2_base"
        },
        "enchant_ratio": 0.0,
        "round": {
            "a": 4,
            "e": 1,
            "q": 1
        },
        "cmts": "自定义注释，技能定义保存时同时保存"
    },
    "c0": {
        "action_def": {
            "a": "a1+a2+a3+a4+a5",
            "e": "e1+3*e4",
            "q": "q1",
            "shld": "",
            "heal": "e3+e3_base"
        },
        "enchant_ratio": 0.0,
        "round": {
            "a": 3,
            "e": 1,
            "q": 1
        },
        "cmts": "自定义注释，技能定义保存时同时保存"
    },
    "c1": {
        "enchant_ratio": 0,
        "action_def": {
            "a": "",
            "e": "",
            "q": "",
            "shld": "",
            "heal": ""
        },
        "round": {
            "a": 0,
            "e": 0,
            "q": 0
        }
    },
    "c2": {
        "enchant_ratio": 0,
        "action_def": {
            "a": "",
            "e": "",
            "q": "",
            "shld": "",
            "heal": ""
        },
        "round": {
            "a": 0,
            "e": 0,
            "q": 0
        }
    },
    "c3": {
        "enchant_ratio": 0,