{
    "name": "刻晴",
    "weapon_class": "sword",
    "elem_class": "elec",
    "90": {
        "basic_health": 13103,
        "basic_attack": 323,
        "basic_defense": 799,
        "break_thru": {
            "cd": 38.4
        }
    },
    "ratios": {
        "a1": [
            41.02,
            44.36,
            47.7,
            52.47,
            55.81,
            59.62,
            64.87,
            70.12,
            75.37,
            81.09,
            86.81,
            92.54,
            98.26,
            103.99,
            109.71
        ],
        "a2": [
            41.02,
            44.36,
            47.7,
            52.47,
            55.81,
            59.62,
            64.87,
            70.12,
            75.37,
            81.09,
            86.81,
            92.54,
            98.26,
            103.99,
            109.71
        ],
        "a3": [
            54.44,
            58.87,
            63.3,
            69.63,
            74.06,
            79.13,
            86.09,
            93.05,
            100.01,
            107.61,
            115.21,
            122.8,
            130.4,
            137.99,
            145.59
        ],
        "a4": [
            65.88,
            71.24000000000001,
            76.6,
            84.25999999999999,
            89.62,
            95.75,
            104.18,
            112.6,
            121.03,
            130.22,
            139.41,
            148.6,
            157.8,
            166.99,
            176.18
        ],
        "a5": [
            66.99,
            72.45,
            77.9,
            85.69,
            91.14,
            97.38,
            105.94,
            114.51,
            123.08,
            132.43,
            141.78,
            151.13,
            160.47,
            169.82,
            179.17
        ],
        "ah": [
            162.8,
            176.05,
            189.3,
            208.23000000000002,
            221.48000000000002,
            236.63,
            257.45,
            278.27,
            299.09000000000003,
            321.81,
            344.53,
            367.24,
            389.96000000000004,
            412.66999999999996,
            435.39
        ],
        "e1": [
            50.4,
            54.18,
            57.96,
            63.0,
            66.78,
            70.56,
            75.6,
            80.64,
            85.68,
            90.72,
            95.76,
            100.8,
            107.1,
            113.4,
            119.7
        ],
        "e2": [
            168.0,
            180.6,
            193.2,
            210.0,
            222.6,
            235.2,
            252.0,
            268.8,
            285.6,
            302.4,
            319.2,
            336.0,
            357.0,
            378.0,
            399.0
        ],
        "e3": [
            168.0,
            180.6,
            193.2,
            210.0,
            222.6,
            235.2,
            252.0,
            268.8,
            285.6,
            302.4,
            319.2,
            336.0,
            357.0,
            378.0,
            399.0
        ],
        "q1": [
            88.0,
            94.6,
            101.2,
            110.0,
            116.6,
            123.2,
            132.0,
            140.8,
            149.6,
            158.4,
            167.2,
            176.0,
            187.0,
            198.0,
            209.0
        ],
        "q2": [
            192.0,
            206.4,
            220.8,
            240.0,
            254.4,
            268.8,
            288.0,
            307.2,
            326.4,
            345.6,
            364.8,
            384.0,
            408.0,
            432.0,
            456.0
        ],
        "q3": [
            188.8,
            202.96,
            217.12,
            236.0,
            250.16,
            264.32,
            283.2,
            302.08,
            320.96,
            339.84,
            358.72,
            377.6,
            401.2,
            424.8,
            448.4
        ]
    },
    "ratio_cmt": {
        "a1": "普通一段",
        "a2": "普攻二段",
        "a3": "普攻三段",
        "a4": "普攻四段",
        "a5": "普攻五段",
        "ah": "重击",
        "e1": "雷楔伤害",
        "e2": "斩击伤害",
        "e3": "雷暴连斩伤害",
        "q1": "天街巡游 技能伤害",
        "q2": "天街巡游 连斩伤害",
        "q3": "天街巡游 最后一击伤害"
    },
    "atk_type": {
        "a1": "phys",
        "a2": "phys",
        "a3": "phys",
        "a4": "phys",
        "a5": "phys",
        "ah": "phys",
        "e1": "elem",
        "e2": "elem",
        "e3": "elem",
        "q1": "elem",
        "q2": "elem",
        "q3": "elem"
    },
    "buffs": {
        "t1": [
            [
                "all"
            ],
            {
                "cr": 15
            },
            0.4,
            "施放天街巡游时,刻晴的暴击率提升15%,元素充能效率提升15%，持续8秒"
        ],
        "c3": [
            [
                "e"
            ],
            {
                "level": 3
            },
            0,
            "e技能级别加3"
        ],
        "c5": [
            [
                "q"
            ],
            {
                "level": 3
            },
            0,
            "q技能等级加3"
        ]
    },
    "round": {
        "a": 9,
        "e": 2,
        "q": 1
    },
    "enchant_ratio": {
        "c0": 0.0
    },

    "action_def": {
        "c0": {
            "a": "ah",
            "e": "e1+e2+e3",
            "q": "q1+q2+q3",
            "shld": "",
            "heal": ""
        }
    }
}