{
    "name": "达达利亚",
    "weapon_class": "bow",
    "elem_class": "watr",
    "90": {
        "basic_health": 13103,
        "basic_attack": 301,
        "basic_defense": 811,
        "break_thru": {
            "ed": 28.8
        }
    },
    "ratios": {
        "a_flash": [
            37.2,
            39.99,
            42.78,
            46.5,
            49.29,
            52.08,
            55.800000000000004,
            59.519999999999996,
            63.239999999999995,
            66.96000000000001,
            70.67999999999999,
            74.4,
            79.05000000000001,
            83.69999999999999,
            88.35
        ],
        "a_burst": [
            62.0,
            66.65,
            71.3,
            77.5,
            82.15,
            86.8,
            93.0,
            99.2,
            105.4,
            111.6,
            117.8,
            124.0,
            131.75,
            139.5,
            147.25
        ],
        "e0": [
            72.0,
            77.4,
            82.8,
            90.0,
            95.4,
            100.8,
            108.0,
            115.2,
            122.4,
            129.6,
            136.8,
            144.0,
            153.0,
            162.0,
            171.0
        ],
        "e1": [
            38.87,
            42.04,
            45.2,
            49.72,
            52.88,
            56.5,
            61.47,
            66.44,
            71.42,
            76.84,
            82.26,
            87.69,
            93.11,
            98.54,
            103.96
        ],
        "e2": [
            41.62,
            45.01,
            48.4,
            53.24,
            56.63,
            60.5,
            65.82,
            71.15,
            76.47,
            82.28,
            88.09,
            93.9,
            99.7,
            105.51,
            111.32
        ],
        "e3": [
            56.33,
            60.92,
            65.5,
            72.05,
            76.64,
            81.88,
            89.08,
            96.29,
            103.49,
            111.35,
            119.21,
            127.07,
            134.93,
            142.79,
            150.65
        ],
        "e4": [
            59.94,
            64.82,
            69.7,
            76.67,
            81.55,
            87.13,
            94.79,
            102.46,
            110.13,
            118.49,
            126.85,
            135.22,
            143.58,
            151.95,
            160.31
        ],
        "e5": [
            55.3,
            59.8,
            64.3,
            70.73,
            75.23,
            80.38,
            87.45,
            94.52,
            101.59,
            109.31,
            117.03,
            124.74,
            132.46,
            140.17,
            147.89
        ],
        "e6": [
            73.1,
            79.05,
            85.0,
            93.5,
            99.45,
            106.25,
            115.6,
            124.95,
            134.3,
            144.5,
            154.7,
            164.9,
            175.10000000000002,
            185.3,
            195.5
        ],
        "eh": [
            132.18,
            142.94,
            153.7,
            169.07,
            179.83,
            192.12,
            209.03,
            225.94,
            242.85,
            261.28999999999996,
            279.73,
            298.18,
            316.62,
            335.07,
            353.51
        ],
        "e_slash": [
            60.2,
            65.1,
            70.0,
            77.0,
            81.9,
            87.5,
            95.2,
            102.9,
            110.6,
            119.0,
            127.4,
            135.8,
            144.2,
            152.6,
            161.0
        ],
        "q_melee": [
            464.0,
            498.8,
            533.6,
            580.0,
            614.8,
            649.6,
            696.0,
            742.4,
            788.8,
            835.2,
            881.6,
            928.0,
            986.0,
            1044.0,
            1102.0
        ],
        "q_range": [
            378.4,
            406.78,
            435.16,
            473.0,
            501.38,
            529.76,
            567.6,
            605.44,
            643.28,
            681.12,
            718.96,
            756.8,
            804.1,
            851.4,
            898.7
        ],
        "q_blast": [
            120.0,
            129.0,
            138.0,
            150.0,
            159.0,
            168.0,
            180.0,
            192.0,
            204.0,
            216.0,
            228.0,
            240.0,
            255.0,
            270.0,
            285.0
        ]
    },
    "ratio_cmt": {
        "a_flash": "断流·闪",
        "a_burst": "断流·破",
        "e0": "魔王武装·狂澜 状态爆发伤害",
        "e1": "魔王武装·狂澜 一段伤害",
        "e2": "魔王武装·狂澜 二段伤害",
        "e3": "魔王武装·狂澜 三段伤害",
        "e4": "魔王武装·狂澜 四段伤害",
        "e5": "魔王武装·狂澜 五段伤害",
        "e6": "魔王武装·狂澜 六段伤害",
        "eh": "魔王武装·狂澜 重击",
        "e_slash": "魔王武装·狂澜 断流 斩",
        "q_melee": "极恶技·尽灭闪 近战",
        "q_range": "极恶技·尽灭闪 远程",
        "q_blast": "断流·爆"
    },
    "atk_type": {
        "a_flash": "elem",
        "a_burst": "elem",
        "e0": "elem",
        "e1": "elem",
        "e2": "elem",
        "e3": "elem",
        "e4": "elem",
        "e5": "elem",
        "e6": "elem",
        "eh": "elem",
        "e_slash": "elem",
        "q_melee": "elem",
        "q_range": "elem",
        "q_blast": "elem"
    },
    "buffs": {
        "c3": [
            [
                "e"
            ],
            {
                "level": 3
            },
            0,
            "e技能级别加3"
        ],
        "c5": [
            [
                "q"
            ],
            {
                "level": 3
            },
            0,
            "q技能等级加3"
        ]
    },
    "c0": {
        "action_def": {
            "a": "e1+e2+e3+e4+e5+e6",
            "e": "e0+8*e_slash",
            "q": "q_range+q_blast",
            "shld": "",
            "heal": ""
        },
        "enchant_ratio": 1.0,
        "round": {
            "a": 4,
            "e": 1,
            "q": 1
        },
        "cmts": "自定义注释，技能定义保存时同时保存"
    },
    "c1": {
        "enchant_ratio": 0,
        "action_def": {
            "a": "",
            "e": "",
            "q": "",
            "shld": "",
            "heal": ""
        },
        "round": {
            "a": 0,
            "e": 0,
            "q": 0
        }
    },
    "c2": {
        "enchant_ratio": 0,
        "action_def": {
            "a": "",
            "e": "",
            "q": "",
            "shld": "",
            "heal": ""
        },
        "round": {
            "a": 0,
            "e": 0,
            "q": 0
        }
    },
    "c3": {
        "enchant_ratio": 0,
        "action_def": {
            "a": "",
            "e": "",
            "q": "",
            "shld": "",
            "heal": ""
        },
        "round": {
            "a": 0,
            "e": 0,
            "q": 0
        }
    },
    "c4": {
        "enchant_ratio": 0,
        "action_def": {
            "a": "",
            "e": "",
            "q": "",
            "shld": "",
            "heal": ""
        },
        "round": {
            "a": 0,
            "e": 0,
            "q": 0
        }
    },
    "c5": {
        "enchant_ratio": 0,
        "action_def": {
            "a": "",
            "e": "",
            "q": "",
            "shld": "",
            "heal": ""
        },
        "round": {
            "a": 0,
            "e": 0,
            "q": 0
        }
    },
    "c6": {
        "action_def": {
            "a": "e1+e2+e3+e4+e5+e6",
            "e": "e0+12*e_slash",
            "q": "q_range+q_melee+2*q_blast",
            "shld": "",
            "heal": ""
        },
        "enchant_ratio": 1.0,
        "round": {
            "a": 4,