{
    "name": "行秋",
    "weapon_class":"sword",
    "elem_class":"watr",
    "90":{
        "basic_health": 10222,
        "basic_attack": 202,
        "basic_defense": 758,
        "break_thru": {
            "ar": 24
        }
    },
    "ratios":{
        "a1": [
            46.61,
            50.41,
            54.2,
            59.62,
            63.41,
            67.75,
            73.71,
            79.67,
            85.64,
            92.14,
            99.59,
            108.36,
            117.12,
            125.88,
            135.45
        ],
        "a2": [
            47.64,
            51.52,
            55.4,
            60.94,
            64.82,
            69.25,
            75.34,
            81.44,
            87.53,
            94.18,
            101.8,
            110.76,
            119.71,
            128.67,
            138.44
        ],
        "a3": [
            57.1,
            61.76,
            66.4,
            73.04,
            77.68,
            83.0,
            90.3,
            97.6,
            104.92,
            112.88,
            122.02,
            132.74,
            143.48,
            154.22,
            165.94
        ],
        "a4": [
            55.99,
            60.54,
            65.1,
            71.61,
            76.17,
            81.38,
            88.54,
            95.7,
            102.86,
            110.67,
            119.62,
            130.15,
            140.67,
            151.2,
            162.68
        ],
        "a5": [
            71.72,
            77.56,
            83.4,
            91.74,
            97.58,
            104.26,
            113.42,
            122.6,
            131.78,
            141.78,
            153.24,
            166.74,
            180.22,
            193.7,
            208.42
        ],
        "ah": [
            103.46,
            111.88,
            120.3,
            132.32999999999998,
            140.75,
            150.38,
            163.61,
            176.83999999999997,
            190.07,
            204.51,
            221.05,
            240.51,
            259.96000000000004,
            279.40999999999997,
            300.63
        ],
        "e1": [
            359.2,
            386.14,
            413.08,
            449.0,
            475.94,
            502.88,
            538.8,
            574.72,
            610.6400000000001,
            646.56,
            682.48,
            718.4,
            763.3,
            808.2,
            853.1
        ],
        "q1": [
            54.27,
            58.34,
            62.41,
            67.84,
            71.91,
            75.98,
            81.41,
            86.84,
            92.26,
            97.69,
            103.12,
            108.54,
            115.33,
            122.11,
            128.9
        ]
    },
    "ratio_cmt":{
        "a1": "普攻一段",
        "a2": "普攻二段",
        "a3": "普攻三段",
        "a4" :"普攻四段",
        "a5": "普攻五段",
        "ah": "重击",
        "e1": "古华剑·画雨笼山",
        "q1": "古华剑·裁雨留虹"

    },
    "atk_type":{
        "a1": "phys",
        "a2": "phys",
        "a3": "phys",
        "a4" :"phys",
        "a5": "phys",
        "ah": "phys",
        "e1": "elem",
        "q1": "elem"
    },

    "buffs": {
        "c3": [["e"],{"level":3},0,"e技能级别加3"],
        "c4": [["e"],{"d":50},1,"在古华剑·裁雨留虹效果持续期间，古华剑·画雨笼山造成的伤害提升50％。"],

        "c5": [["q"],{"level":3},0,"q技能等级加3"],
        "t1": [["all"],{"ed":20},1,"虚实工笔 行秋获得20％水元素伤害加成"]

    },
    "round":{
        "a":4,
        "e":1,
        "q":1
        },
    "enchant_ratio":0,
    "formula":{
        "c6":["a1+a2+a3+a4+a5","e1","53*q1"]
    },
    "reference":{
        "1":"https://www.gamersky.com/handbook/202012/1349921.shtml"
    }
}